{
  "sem": {
    "color": {
      "actions": {
        "primary": {
          "value": "{color.purple.700}",
          "type": "color"
        },
        "primary-hover": {
          "value": "{color.purple.800}",
          "type": "color"
        },
        "primary-active": {
          "value": "{color.purple.900}",
          "type": "color"
        },
        "outline": {
          "value": "#ffffff00",
          "type": "color"
        },
        "outline-hover": {
          "value": "{color.gray.100}",
          "type": "color"
        },
        "outline-active": {
          "value": "{color.gray.200}",
          "type": "color"
        },
        "critical": {
          "value": "{color.red.600}",
          "type": "color"
        },
        "critical-hover": {
          "value": "{color.red.700}",
          "type": "color"
        },
        "critical-active": {
          "value": "{color.red.800}",
          "type": "color"
        },
        "ghost": {
          "value": "#ffffff00",
          "type": "color"
        },
        "ghost-hover": {
          "value": "{color.gray.100}",
          "type": "color"
        },
        "ghost-active": {
          "value": "{color.gray.200}",
          "type": "color"
        }
      },
      "text": {
        "default": {
          "value": "{color.gray.900}",
          "type": "color"
        },
        "subdued": {
          "value": "{color.gray.700}",
          "type": "color"
        },
        "disabled": {
          "value": "{color.gray.600}",
          "type": "color"
        },
        "inverted": {
          "value": "{color.white}",
          "type": "color"
        },
        "primary": {
          "value": "{color.purple.700}",
          "type": "color"
        },
        "critical": {
          "value": "{color.red.700}",
          "type": "color"
        },
        "link": {
          "value": "{color.blue.600}",
          "type": "color"
        }
      },
      "icon": {
        "default": {
          "value": "{color.gray.700}",
          "type": "color"
        },
        "disabled": {
          "value": "#8495ad",
          "type": "color"
        },
        "invert": {
          "value": "{color.white}",
          "type": "color"
        },
        "primary": {
          "value": "{color.purple.700}",
          "type": "color"
        },
        "success": {
          "value": "#2f855a",
          "type": "color"
        },
        "warning": {
          "value": "#b76b1f",
          "type": "color"
        },
        "critical": {
          "value": "{color.red.700}",
          "type": "color"
        }
      },
      "bg": {
        "disabled": {
          "value": "{color.gray.300}",
          "type": "color"
        },
        "page": {
          "value": "{color.white}",
          "type": "color"
        },
        "overlay": {
          "value": "{color.white}",
          "type": "color"
        },
        "form": {
          "value": "{color.white}",
          "type": "color"
        },
        "card": {
          "value": "{color.white}",
          "type": "color"
        },
        "form-error": {
          "value": "{color.red.100}",
          "type": "color"
        }
      },
      "indicator": {
        "hint": {
          "value": "{color.gray.900}",
          "type": "color"
        },
        "hint-critical": {
          "value": "{color.red.700}",
          "type": "color"
        }
      },
      "general": {
        "bg-emphasis": {
          "value": "{color.gray.600}",
          "type": "color"
        },
        "bg": {
          "value": "{color.gray.400}",
          "type": "color"
        },
        "bg-subdued": {
          "value": "{color.gray.200}",
          "type": "color"
        },
        "border": {
          "value": "{color.gray.400}",
          "type": "color"
        }
      },
      "primary": {
        "bg-emphasis": {
          "value": "{color.purple.600}",
          "type": "color"
        },
        "bg": {
          "value": "{color.purple.300}",
          "type": "color"
        },
        "bg-subdued": {
          "value": "{color.purple.200}",
          "type": "color"
        },
        "border": {
          "value": "{color.purple.300}",
          "type": "color"
        }
      },
      "success": {
        "bg-emphasis": {
          "value": "{color.green.600}",
          "type": "color"
        },
        "bg": {
          "value": "{color.green.300}",
          "type": "color"
        },
        "bg-subdued": {
          "value": "{color.green.200}",
          "type": "color"
        },
        "border": {
          "value": "{color.green.300}",
          "type": "color"
        }
      },
      "warning": {
        "bg-emphasis": {
          "value": "{color.orange.600}",
          "type": "color"
        },
        "bg": {
          "value": "{color.orange.400}",
          "type": "color"
        },
        "bg-subdued": {
          "value": "{color.orange.200}",
          "type": "color"
        },
        "border": {
          "value": "{color.orange.400}",
          "type": "color"
        }
      },
      "critical": {
        "bg-emphasis": {
          "value": "{color.red.600}",
          "type": "color"
        },
        "bg": {
          "value": "{color.red.300}",
          "type": "color"
        },
        "bg-subdued": {
          "value": "{color.red.200}",
          "type": "color"
        },
        "border": {
          "value": "{color.red.300}",
          "type": "color"
        }
      },
      "border": {
        "default": {
          "value": "{color.gray.500}",
          "type": "color"
        },
        "hover": {
          "value": "{color.gray.600}",
          "type": "color"
        },
        "active": {
          "value": "{color.purple.700}",
          "type": "color"
        },
        "critical": {
          "value": "{color.red.700}",
          "type": "color"
        },
        "divider": {
          "value": "{color.gray.300}",
          "type": "color"
        },
        "focus": {
          "value": "{color.blue.600}",
          "type": "color"
        },
        "disabled": {
          "value": "{color.gray.400}",
          "type": "color"
        }
      },
      "avatar": {
        "purple-text": {
          "value": "{color.purple.800}",
          "type": "color"
        },
        "purple-bg": {
          "value": "{color.purple.200}",
          "type": "color"
        },
        "pink-text": {
          "value": "{color.pink.800}",
          "type": "color"
        },
        "pink-bg": {
          "value": "{color.pink.200}",
          "type": "color"
        },
        "blue-text": {
          "value": "{color.blue.800}",
          "type": "color"
        },
        "blue-bg": {
          "value": "{color.blue.200}",
          "type": "color"
        },
        "teal-text": {
          "value": "{color.teal.800}",
          "type": "color"
        },
        "teal-bg": {
          "value": "{color.teal.200}",
          "type": "color"
        },
        "green-text": {
          "value": "{color.green.800}",
          "type": "color"
        },
        "green-bg": {
          "value": "{color.green.200}",
          "type": "color"
        },
        "yellow-text": {
          "value": "{color.orange.800}",
          "type": "color"
        },
        "yellow-bg": {
          "value": "{color.orange.200}",
          "type": "color"
        }
      }
    }
  },
  "fontFamilies": {
    "inter": {
      "value": "Inter",
      "type": "fontFamilies"
    },
    "jetbrains-mono": {
      "value": "JetBrains Mono",
      "type": "fontFamilies"
    }
  },
  "lineHeights": {
    "0": {
      "value": "40",
      "type": "lineHeights"
    },
    "1": {
      "value": "32",
      "type": "lineHeights"
    },
    "2": {
      "value": "28",
      "type": "lineHeights"
    },
    "3": {
      "value": "20",
      "type": "lineHeights"
    },
    "4": {
      "value": "24",
      "type": "lineHeights"
    },
    "5": {
      "value": "14",
      "type": "lineHeights"
    }
  },
  "fontWeights": {
    "inter-0": {
      "value": "Semi Bold",
      "type": "fontWeights"
    },
    "inter-1": {
      "value": "Regular",
      "type": "fontWeights"
    },
    "jetbrains-mono-2": {
      "value": "Medium",
      "type": "fontWeights"
    }
  },
  "fontSize": {
    "0": {
      "value": "10",
      "type": "fontSizes"
    },
    "1": {
      "value": "14",
      "type": "fontSizes"
    },
    "2": {
      "value": "16",
      "type": "fontSizes"
    },
    "3": {
      "value": "20",
      "type": "fontSizes"
    },
    "4": {
      "value": "24",
      "type": "fontSizes"
    },
    "5": {
      "value": "32",
      "type": "fontSizes"
    },
    "6": {
      "value": "32",
      "type": "fontSizes"
    }
  },
  "letterSpacing": {
    "0": {
      "value": "0%",
      "type": "letterSpacing"
    },
    "1": {
      "value": "0",
      "type": "letterSpacing"
    }
  },
  "paragraphSpacing": {
    "0": {
      "value": "0",
      "type": "paragraphSpacing"
    }
  },
  "h1": {
    "value": {
      "fontFamily": "{fontFamilies.text}",
      "fontWeight": "{fontWeights.600}",
      "lineHeight": "{lineHeights.0}",
      "fontSize": "{fontSize.600}",
      "letterSpacing": "{letterSpacing.0}",
      "paragraphSpacing": "{paragraphSpacing.0}",
      "paragraphIndent": "{paragraphIndent.0}",
      "textCase": "{textCase.none}",
      "textDecoration": "{textDecoration.none}"
    },
    "type": "typography"
  },
  "h2": {
    "value": {
      "fontFamily": "{fontFamilies.text}",
      "fontWeight": "{fontWeights.600}",
      "lineHeight": "{lineHeights.1}",
      "fontSize": "{fontSize.500}",
      "letterSpacing": "{letterSpacing.0}",
      "paragraphSpacing": "{paragraphSpacing.0}",
      "paragraphIndent": "{paragraphIndent.0}",
      "textCase": "{textCase.none}",
      "textDecoration": "{textDecoration.none}"
    },
    "type": "typography"
  },
  "h3": {
    "value": {
      "fontFamily": "{fontFamilies.text}",
      "fontWeight": "{fontWeights.600}",
      "lineHeight": "{lineHeights.2}",
      "fontSize": "{fontSize.400}",
      "letterSpacing": "{letterSpacing.0}",
      "paragraphSpacing": "{paragraphSpacing.0}",
      "paragraphIndent": "{paragraphIndent.0}",
      "textCase": "{textCase.none}",
      "textDecoration": "{textDecoration.none}"
    },
    "type": "typography"
  },
  "button": {
    "value": {
      "fontFamily": "{fontFamilies.text}",
      "fontWeight": "{fontWeights.600}",
      "lineHeight": "{lineHeights.200}",
      "fontSize": "{fontSize.200}",
      "letterSpacing": "{letterSpacing.0}",
      "paragraphSpacing": "{paragraphSpacing.0}",
      "paragraphIndent": "{paragraphIndent.0}",
      "textCase": "{textCase.none}",
      "textDecoration": "{textDecoration.none}"
    },
    "type": "typography"
  },
  "headline-semibold": {
    "value": {
      "fontFamily": "{fontFamilies.text}",
      "fontWeight": "{fontWeights.600}",
      "lineHeight": "{lineHeights.4}",
      "fontSize": "{fontSize.300}",
      "letterSpacing": "{letterSpacing.0}",
      "paragraphSpacing": "{paragraphSpacing.0}",
      "paragraphIndent": "{paragraphIndent.0}",
      "textCase": "{textCase.none}",
      "textDecoration": "{textDecoration.none}"
    },
    "type": "typography"
  },
  "headline": {
    "value": {
      "fontFamily": "{fontFamilies.text}",
      "fontWeight": "{fontWeights.400}",
      "lineHeight": "{lineHeights.4}",
      "fontSize": "{fontSize.300}",
      "letterSpacing": "{letterSpacing.0}",
      "paragraphSpacing": "{paragraphSpacing.0}",
      "paragraphIndent": "{paragraphIndent.0}",
      "textCase": "{textCase.none}",
      "textDecoration": "{textDecoration.none}"
    },
    "type": "typography"
  },
  "subhead-semibold": {
    "value": {
      "fontFamily": "{fontFamilies.text}",
      "fontWeight": "{fontWeights.600}",
      "lineHeight": "{lineHeights.200}",
      "fontSize": "{fontSize.200}",
      "letterSpacing": "{letterSpacing.0}",
      "paragraphSpacing": "{paragraphSpacing.0}",
      "paragraphIndent": "{paragraphIndent.0}",
      "textCase": "{textCase.none}",
      "textDecoration": "{textDecoration.none}"
    },
    "type": "typography"
  },
  "subhead": {
    "value": {
      "fontFamily": "{fontFamilies.text}",
      "fontWeight": "{fontWeights.400}",
      "lineHeight": "{lineHeights.200}",
      "fontSize": "{fontSize.200}",
      "letterSpacing": "{letterSpacing.0}",
      "paragraphSpacing": "{paragraphSpacing.0}",
      "paragraphIndent": "{paragraphIndent.0}",
      "textCase": "{textCase.none}",
      "textDecoration": "{textDecoration.none}"
    },
    "type": "typography"
  },
  "caption-2-semibold": {
    "value": {
      "fontFamily": "{fontFamilies.text}",
      "fontWeight": "{fontWeights.600}",
      "lineHeight": "{lineHeights.100}",
      "fontSize": "{fontSize.50}",
      "letterSpacing": "{letterSpacing.0}",
      "paragraphSpacing": "{paragraphSpacing.0}",
      "paragraphIndent": "{paragraphIndent.0}",
      "textCase": "{textCase.none}",
      "textDecoration": "{textDecoration.none}"
    },
    "type": "typography"
  },
  "subhead-underline": {
    "value": {
      "fontFamily": "{fontFamilies.text}",
      "fontWeight": "{fontWeights.400}",
      "lineHeight": "{lineHeights.200}",
      "fontSize": "{fontSize.200}",
      "letterSpacing": "{letterSpacing.0}",
      "paragraphSpacing": "{paragraphSpacing.0}",
      "paragraphIndent": "{paragraphIndent.0}",
      "textCase": "{textCase.none}",
      "textDecoration": "{textDecoration.underline}"
    },
    "type": "typography"
  },
  "headline-underline": {
    "value": {
      "fontFamily": "{fontFamilies.text}",
      "fontWeight": "{fontWeights.400}",
      "lineHeight": "{lineHeights.4}",
      "fontSize": "{fontSize.300}",
      "letterSpacing": "{letterSpacing.0}",
      "paragraphSpacing": "{paragraphSpacing.0}",
      "paragraphIndent": "{paragraphIndent.0}",
      "textCase": "{textCase.none}",
      "textDecoration": "{textDecoration.underline}"
    },
    "type": "typography"
  },
  "textCase": {
    "none": {
      "value": "none",
      "type": "textCase"
    }
  },
  "textDecoration": {
    "none": {
      "value": "none",
      "type": "textDecoration"
    },
    "underline": {
      "value": "underline",
      "type": "textDecoration"
    }
  },
  "paragraphIndent": {
    "0": {
      "value": "0px",
      "type": "dimension"
    }
  },
  "controls-m": {
    "value": "{borderRadius.100}",
    "type": "borderRadius"
  },
  "controls-s": {
    "value": "{borderRadius.100}",
    "type": "borderRadius"
  },
  "controls-m-ring": {
    "value": "{controls-m} + 3px",
    "type": "borderRadius"
  },
  "controls-s-ring": {
    "value": "{controls-s} + 3px",
    "type": "borderRadius"
  },
  "bage": {
    "value": "{borderRadius.round}",
    "type": "borderRadius"
  },
  "bage-dot": {
    "value": "{borderRadius.round}",
    "type": "borderRadius"
  },
  "chip": {
    "value": "{borderRadius.round}",
    "type": "borderRadius"
  },
  "toast": {
    "value": "{borderRadius.100}",
    "type": "borderRadius"
  },
  "notification": {
    "value": "{borderRadius.150}",
    "type": "borderRadius"
  },
  "dialog": {
    "value": "{borderRadius.200}",
    "type": "borderRadius"
  },
  "overlay": {
    "value": "{borderRadius.100}",
    "type": "borderRadius"
  },
  "overlay-item": {
    "value": "{borderRadius.50}",
    "type": "borderRadius"
  },
  "checkbox": {
    "value": "{borderRadius.50}",
    "type": "borderRadius"
  },
  "sizing": {
    "choice": {
      "value": "20px",
      "type": "sizing",
      "description": "Radio and checkbox"
    }
  },
  "card": {
    "value": "{borderRadius.200}",
    "type": "borderRadius"
  },
  "focused ring": {
    "value": {
      "color": "#efe4fd",
      "type": "dropShadow",
      "x": "0",
      "y": "0",
      "blur": "0",
      "spread": "4"
    },
    "type": "boxShadow"
  },
  "caption-1-semibold": {
    "value": {
      "fontFamily": "{fontFamilies.inter}",
      "fontWeight": "{fontWeights.inter-0}",
      "lineHeight": "{lineHeights.100}",
      "fontSize": "{fontSize.100}",
      "letterSpacing": "{letterSpacing.0}",
      "paragraphSpacing": "{paragraphSpacing.0}",
      "paragraphIndent": "{paragraphIndent.0}",
      "textCase": "{textCase.none}",
      "textDecoration": "{textDecoration.none}"
    },
    "type": "typography"
  },
  "code": {
    "value": {
      "fontFamily": "{fontFamilies.jetbrains-mono}",
      "fontWeight": "{fontWeights.jetbrains-mono-2}",
      "lineHeight": "{lineHeights.4}",
      "fontSize": "{fontSize.1}",
      "letterSpacing": "{letterSpacing.1}",
      "paragraphSpacing": "{paragraphSpacing.0}",
      "paragraphIndent": "{paragraphIndent.0}",
      "textCase": "{textCase.none}",
      "textDecoration": "{textDecoration.none}"
    },
    "type": "typography"
  }
}